﻿<?xml version = "1.0" encoding = "UTF-8" ?>
<Computer id="advExamplePC" 
          name="Adventure Example PC" 
          ip="167.194.132.7"
          security="2"
          allowsDefaultBootModule="false"
          icon="chip" 
          type="1" > <!-- 1=  corporate, 2 = Home, 3 = server 4 = empty -->
  <!-- 아이콘: 설정하지 않으면 보안 수준에 따른 기본값이 사용됩니다.
  사용 가능한 옵션: laptop, chip, kellis, tablet, ePhone, ePhone2-->
  
  <!--
  보안(Security)은 해킹 난이도를 나타내는 0~5 사이의 값입니다
  1~4는 해당 개수만큼의 포트를 열어야 하며, 4 이상은 자동으로 보안이 강화됩니다
  쉽게 확장할 수 있도록 추가 보안을 설정하거나 아래에서 구체적인 설정을 덮어쓸 수 있습니다

  AllowsDefaultBootModule의 기본값은 true이며, 노드에 연결할 때
  자동으로 해당 노드의 프로그램(이 파일에 정의된 마지막 데몬)을 실행하여
  디스플레이 모듈에 표시합니다.
  이 예제 컴퓨터는 많은 기능을 보여주기 때문에 여기서는 false로 설정했습니다.
  -->

  <!-- 계정 -->
  <adminPass pass="password" />
  <account username="Matt" password="testpass" type="1" />
  <!-- 이 컴퓨터에 계정을 추가합니다.
  유형(type)은 권한을 나타냅니다:
  ADMIN = 0;
  ALL = 1;
  MAIL = 2;
  MISSIONLIST = 3;
  -->
  <account username="mailGuy" password="mailPass" type="2" /> <!-- 메일 서버 계정은 이렇게 만듭니다 -->
  
  <!-- 보안 설정 -->
  <ports>80, 22</ports>
  <proxy time="2" /> <!-- 프록시 서버. 제거하려면 값을 -1로 설정합니다 -->
  <portsForCrack val="2" /> <!-- 포트해킹을 실행하기 위해 열어야 하는 포트 개수 -->
  <firewall level="6" solution="Scypio" additionalTime="1.0"/>
  <!-- 방화벽 추가 - 제거하려면 레벨을 -1로 설정
      solution은 플레이어가 방화벽을 뚫기 위해 찾아야 하는 해답입니다
      level은 이상적으로는 solution 길이와 같아야 하지만 더 길 수 있습니다
      (더 짧으면 안 됩니다!) - additionalTime은 Hacknet 솔버가 필요로 하는
      단계당 추가 평가 시간입니다 -->
  <trace time="300" /> <!-- 추적 타이머 추가 - 제거하려면 -1로 설정 -->
  <admin type="fast" resetPassword="false" isSuper="false"/>
  <!-- 자동 관리자 - 플레이어가 연결을 끊을 때 포트와 설정을 재설정합니다
  사용 가능한 유형: "basic", "progress", "fast" - basic은
  약 15초 후에 재설정합니다
  progress 관리자는 포트, 방화벽, 프록시 진행 상태를 재설정하지만 플레이어가 관리자가 아닐 때만 작동합니다
  슈퍼 관리자는 fast 모드에서 비밀번호를 즉시 재설정합니다
  -->
  
  <!-- 네트워크 설정 -->
  <dlink target="advExamplePC2" /> <!-- 이 컴퓨터를 다른 컴퓨터와 연결합니다(단방향) - 스캔하면 링크가 표시됩니다 -->

  <positionNear target="advExamplePC2" position="1" total="3" />
  <!-- 네트워크 맵에서 이 컴퓨터를 대상 근처에 배치합니다
       position은 대상 주위의 방사형 위치이고, total은
       주변에 배치될 노드의 총 개수입니다 - 이를 통해
       멋진 네트워크를 구축할 수 있습니다 -->
  
  
  
  <!-- 파일 -->
  <file path="home" name="Test_File">home 디렉토리의 테스트 파일입니다</file>
  <file path="bin" name="Binary_File">#BINARY#</file>
  <file path="home/NewDirectory" name="Test_File">
경로에 뭔가를 추가하면 새 디렉토리도 함께 생성되는 긴 파일입니다

    #BINARY#
    바이너리 데이터를 생성합니다(2000자)

    #PLAYER_IP#
    플레이어 컴퓨터의 IP로 변환됩니다

    #PLAYERNAME#
    플레이어 이름으로 변환됩니다

    test test
  </file>
  <file path="bin" name="SSHCrack.exe">#SSH_CRACK#</file>
  <file path="bin" name="FTPBounce.exe">#FTP_CRACK#</file>
  <file path="bin" name="WebServerWorm.exe">#WEB_CRACK#</file>
  <file path="bin" name="SMTPOverflow.exe">#SMTP_CRACK#</file>
  <file path="bin" name="SQLBufferOverflow.exe">#SQL_CRACK#</file>
  <!-- 포트 1433 -->

  <file path="sys" name="White-Theme.sys">#WHITE_THEME#</file>
  <file path="sys" name="Green-Theme.sys">#GREEN_THEME#</file>
  <file path="sys" name="Yellow-Theme.sys">#YELLOW_THEME#</file>
  <file path="sys" name="Teal-Theme.sys">#TEAL_THEME#</file>

  <encryptedFile path="home" name="encrypted_File.dec" extension=".txt" ip="192.168.1.1" header="This is the header" pass="decryptionPassword">
    위 비밀번호를 사용하여 복호화할 수 있는 암호화된 파일을 생성합니다
  </encryptedFile>

  <encryptedFile path="home" name="easy_encrypted_File.dec" ip="192.168.1.1" header="This is the header">
    이렇게 비밀번호를 제공하지 않으면 비밀번호 없이 복호화할 수 있습니다
  </encryptedFile>
  
  <!-- 데몬 -->
  <!-- 노드에서 실행되는 "프로그램"입니다
  대부분은 코드를 수정할 수 없어서 사용할 수 없지만
  여기 작동 가능한 몇 가지가 있습니다 -->

  <mailServer name="Example Mail Server" color="50,237,212">
    <email recipient="mailGuy" sender="Sender Guy" subject="Adding an email!">
메일 서버에 이메일을 추가하는 방법입니다 - 다른 사람의 계정으로 로그인하면
플레이어가 이메일을 받는 것처럼 이메일들이 표시됩니다
    </email>
    <email recipient="mailGuy" sender="Spam" subject="amazing features">
이메일은 원하는 만큼 많이 추가할 수 있습니다
    </email>
    <email recipient="Matt" sender="Spam" subject="amazing features">
다른 사용자에게도 마찬가지입니다
    </email>
  </mailServer>

  <!-- 이 섹션을 추가하면 두 번째 컴퓨터가 생성되어 이 컴퓨터에 연결됩니다
  이는 이 파일들이 모두 설정된 eos 장치입니다.
  또한 자동으로 일부 앱을 생성하고 파일과 콘텐츠를
  저장합니다. -->
  <eosDevice name="Deliliah's ePhone 4S" id="eosIntroPhone" icon="ePhone2">
    <note>TestNote
More text</note>
    <note>Note filenames
참고: 파일명은 파일의 첫 번째 줄을 가져와
(이 경우 "Note filenames") 공백을 밑줄로 바꿔서 자동으로 생성됩니다.</note>
    <mail username="test@jmail.com" pass="thisIstheaccountpass" />
    <mail username="test2@jmail.com" pass="YouCanHaveLotsOfThese" />
  </eosDevice>

  <!--
  <addOnlineWebServer name="Reddit" url="http://www.reddit.com" />
  -->
  <!-- 실제 웹사이트를 반영하는 기능을 추가합니다. 하지만 컴퓨터당 하나의 웹 서버만 가질 수 있기 때문에
  이 예제에서는 사용하지 않습니다. -->

  <uploadServerDaemon name="Upload Dropbox" folder="Drop"
                      needsAuth="false" color="204,116,212"/>
  <!-- 관리자 권한 없이 파일을 업로드할 수 있는 특별한 서버입니다 -->
  <addWebServer name="Website Server"
                url="Content/Web/Presets/Nortron/NortronPublicPage.html" />
  <!-- 웹 서버는 이렇게 추가됩니다 - Web Presets 폴더에 자신의 웹 페이지를 추가하면
  게임 내에서 표시할 수 있습니다 (아직 입력은 지원하지 않습니다) -->
  
  
  <!-- 보너스 -->
  <!--
  <ExternalCounterpart id="testEP" name="External Counterpart Demo" />
  -->
  <!-- 이 가상 컴퓨터에 실제 세계의 외부 연계를 추가합니다
  서버 모드로 실행 중인 Hacknet 세션이 있고 해당 ID와 IP를 Content/Network/NetworkIPList.txt에
  추가한 다음 여기에 외부 연계를 추가하면, 이 컴퓨터에 작업을 수행할 때 실제 서버에도 작동합니다
  가장 확실한 예는 CD 트레이를 여는 것입니다.
  -->
  
</Computer>
