<?xml version = "1.0" encoding = "utf-8" ?>
<mission id="hubSet07">
  <goals>
    
  </goals>
  <missionEnd val="1">addRank</missionEnd>
  <nextMission>NONE</nextMission>
  <posting title="Check out a suspicious server">
이상한 서버를 발견했어 - 보안이 내가 다룰 수 있는 것보다 빡빡해 보여서 건드리지는 않았지만, 누군가가 확인해 보면 좋을 것 같아.
  </posting>
  <email>
    <sender>CSEC Hub Services</sender>
    <subject>레드 라인</subject>
    <body>
이봐,

여기서 뭘 찾을지는 모르겠지만 한번 확인해보면 좋을 것 같아서 - 스캔 소프트웨어로 이 서버를 발견했는데 - 추적이 걸려 있어서 너무 많이 건드리지는 않았어. 근데 경험이 더 많은 사람이 보면 좋을 것 같아.
뭔가 찾거나 보안이 엄청 강력하거나 하면 알려줘!

-익명
    </body>
    <attachments>
      <link comp="honeypot01"/>
    </attachments>
  </email>
</mission>
