<?xml version = "1.0" encoding = "utf-8" ?>
<Computer id="bitDropBox" name="비트단위 드롭 서버" security="5" ip="108.160.165.139" allowsDefaultBootModule="false" type="2"> <!-- 1=  corporate, 2 = Home, 3 = server -->
  <!-- Accounts -->
  <account username="bittest" password="test" type="1"/>

  <dlink id="bitRelay01"/>
  
  <!-- Security Stuff -->
  <ports>1433, 22, 21, 80, 25</ports>
  <portsForCrack val="5"/> <!-- Number of ports to be open to allow porthack to run -->
  <firewall level="6" solution="breezer"/>
  <trace time="700"/> <!-- Adds a trace timer - set to -1 to remove -->

  <uploadServerDaemon name="Upload Dropbox" folder="Drop" needsAuth="false" color="163,204,80"/>
  
  
  
  <file path="sys" name="x-server.sys">#WHITE_THEME#</file>

  <file path="Drop/Uploads" name="test_upload.txt">
테스트 파일, 무시하세요.
  </file>
  <file path="Drop/Uploads" name="asdf.txt">
    asdfghjkl 
   qwertyuiop
    zxcvbnm
  </file>
  
  <file path="Drop/Uploads" name="FileSanitiser.cs">
    public static class FileSanitiser
    {
        public static string purifyStringForDisplay(string data)
        {
            data = data.Replace(&quot;\t&quot;, &quot;    &quot;).Replace(&quot;\&quot;&quot;, &quot;\&quot;&quot;).Replace(&quot;\&quot;&quot;, &quot;\&quot;&quot;);
            for (int i = 0; i LTHAN data.Length; i++) {
                if ((data[i] LTHAN 0x0020 || data[i] &gt; 0x007F) AND (
                    data[i] != 0x000A AND //Allow newlines
                    data[i] != 0x000B AND
                    data[i] != 0x000C AND
                    data[i] != '\n'   )){
                     //이 문자는 기본 라틴 유니코드 문자의 범위를 벗어납니다!
                    //그것을 표시할 수 없을 것입니다 
                  //그곳에 있는 무엇이든 스페이스로 바꿉니다... 
                    data = data.Replace(data[i], ' ');

                }
            }
            return data;
        }

        public static void purifyVehicleFile(string path)
        {
            string data = Utils.readEntireFile(path);
            data = data.Replace('\t', '#');
            data = data.Replace(&quot;\r&quot;, &quot;&quot;);
            for (int i = 0; i LTHAN data.Length; i++) {
                if (!GuiData.font.Characters.Contains(data[i]) AND data[i] != '\n') {
                    data = replaceChar(data, i, '_');
                }
            }

            Utils.writeToFile(data, &quot;SanitisedFile.txt&quot;);
        }

        public static string replaceChar(string data, int index, char replacer)
        {
            return data.Substring(0, index - 1) + replacer + data.Substring(index + 1, data.Length - index - 2);
        }

        public static void purifyNameFile(string path)
        {
            string data = Utils.readEntireFile(path);
            string[] split = data.Split(Utils.newlineDelim);
            string[] d;
            string ret = &quot;&quot;;
            for(int i = 0; i LTHAN split.Length;i++) {
                d = split[i].Split(Utils.spaceDelim, StringSplitOptions.RemoveEmptyEntries);
                ret += d[0] + &quot;\n&quot;;
            }

            Utils.writeToFile(ret, &quot;SanitisedNameFile.txt&quot;);
        }

        public static void purifyLocationFile(string path)
        {
            string data = Utils.readEntireFile(path);
            char[] delims = {'\t' };
            string[] split = data.Split(Utils.newlineDelim);
            string[] d;
            string ret = &quot;&quot;;
            for (int i = 1; i LTHAN split.Length; i++) {
                d = split[i].Split(delims, StringSplitOptions.RemoveEmptyEntries);
                for (int j = 1; j LTHAN d.Length; j++) {
                    ret += d[j].Trim() + &quot;#&quot;;
                }
                ret += &quot;\n&quot;;
            }

            Utils.writeToFile(ret, &quot;SanitisedLocFile.txt&quot;);
        }

    }
  </file>
  
   <file path="Drop/Uploads" name="Where_Are_You.txt">어이 자네, 응답이 전혀 없군. 외출 중인가, 아니면 뭘 하고 있는 거야? 
1주일째야, 자네 거기 있는지 알려줘, 그 일 어떻게 됬는지 나한테 한마디도 안했잖아.

-V
  </file>
  
  <file path="Drop/Uploads" name="READ_all_hackers.txt">
이번이 이 서버에 대한 마지막 점검일 수 있었는데, 누군가가 분명 서버를 농락하고 있어.
 내게 하필 이런 때에, 할 수 없지.  EnTech과 꽤 큰 프로젝트 건으로 일해왔는데, 일이 그닥 잘 풀리진 않는 것 같아, 회사가 날 곁에 두고 싶지도 않은 것 같고, 
그렇다고 안좋다는 식으로 말하지도 않는 것 같은데.

잘 모르겠어. 그냥 내가 그 일로 너무 당황하고 있는지도 모르지. 좀 더 샅샅이 알아보고, 여기 위험이 있는지 살펴봐야겠어. 분명 있는 것 같군.

-Bit
1
  </file>
  
 
  
  
</Computer>
