<?xml version = "1.0" encoding = "utf-8" ?>
<mission id="hubIntro2Alt">
  <goals>
    <goal type="FileUpload" target="kfcRecordsRepo" file="Seasoning_Order_Placement_Template_Pt1.docx" path="home/Ordering" destTarget="hubPubDrop" destPath="Drop/Uploads"/>
    <goal type="FileUpload" target="kfcRecordsRepo" file="Seasoning_Order_Placement_Template_Pt2.docx" path="home/Ordering" destTarget="hubPubDrop" destPath="Drop/Uploads"/>
  </goals>
  
  <missionEnd val="0">assignPlayerToHubServerFaction</missionEnd>
  <nextMission>MainHub/Intro/Intro03Pass.xml</nextMission>
  <email>
    <sender>CSEC 관리자</sender>
    <subject>CSEC 초대 - 특별 경로</subject>
    <body>
#PLAYERNAME#,

방금 솔직히 좀 위협적인 추천 메일을 받았어요. 그룹에 초대해 달라는 내용이었는데, 어떻게 이런 인맥을 만들었는지 모르겠네요 (아니면 제가 누구 얘기하는지 알 수도 있겠죠). 어쨌든, 이건 큰일이에요.
저는 CSEC 소속이에요 - 후원자의 요청으로 자동화된 입문 과정을 건너뛰게 됐어요. 잘 따라오세요. 하지만 앞으로 나아가려면 제 테스트는 통과해야 해요.

좋은 걸 생각해뒀어요 - 너무 쉽지는 않을 거예요!

CFC 서버에 침투해서 비밀 허브와 향신료 11가지를 찾아와 주세요.

목록을 손에 넣어서 CSEC 공개 드롭 서버에 업로드하면, 기꺼이 받아들일게요.

-Vap0r
CSEC 관리자

    </body>
    <attachments>
      <link comp="kfcWebServer"/>
      <link comp="hubPubDrop"/>
    </attachments>
  </email>
</mission>
