<?xml version = "1.0" encoding = "utf-8" ?>
<Computer id="bitMission02" name="Entropy 테스트 서버" ip="199.59.149.230" security="1" type="4">
  <file path="home" name="Entropy_Induction_Test">
축하합니다.

이 파일을 다운로드하면 입단 테스트가 완료됩니다.

Entropy에서 곧 연락 드리겠습니다.
  </file>
  <file path="bin" name="e_admins_are_lazy.txt">아무도 bin 폴더 정리는 안 하더라. 이거 침입 연습용 테스트 서버야, 멍청이들아. 뚫고 나서는 좀 치우고 가!</file>

  <file path="bin/zer0cool" name="hack_the_planet.txt">내 앞에 무릎 꿇어라! 내 실력은 이 세상 그 누구보다 뛰어나다.</file>
  <file path="bin/zer0cool" name="retort.txt">반박이 뭔지 알면 말인데, 너는 그냥 찌질이야.
프록시 하나 뚫는 데 일주일은 걸렸겠지. 엄마 컴퓨터 386으로 "행성을 해킹"할 수 있다고 믿는 12살 꼬마겠지. 열심히 해봐. 진짜 실력자들에게 맡기고 </file>

  <file path="bin/OP_Stormwind" name="need_help.txt">여기 있다는 건 침투 기술이 있다는 얘기겠지. Stormwind 멍청이들이 경매장 패치로 Shaytan 3 밸런스를 완전히 망쳐놨어. 난 96년 오리지널 Shayton부터 쭉 팬이었거든. 그래서 경매장 한번 박살내보자고. 동참하고 싶으면 여기 텍스트 파일 하나 남겨. 찾아갈게.
-slaggedfire</file>

  <file path="bin/OP_Stormwind" name="Wo_lai_bang.txt">
400진 스톰윈드 온라인.
</file>

  <file path="bin/OP_Stormwind" name="lulz.txt">
관리자들 완전 빡쳤어, slaggedfire - 중국 쪽에서 밤새도록 골드 요청하면서 서버 두들겨 팼거든.
</file>

  <file path="bin" name="SOgold.txt">
퀘스트에 지치셨나요? 탈것 살 돈 걱정 없이 행복한 게임 생활을 원하시나요? Stormwind Online 플레이어를 위한 최고의 파밍 서비스 SOgold를 만나보세요. 소액의 수수료만 지불하시면 원하는 모든 아이템을 살 수 있는 골드를 확보해드립니다. $29.99만 결제하고 Stormwind Online 계정 정보를 제공하시면, 상상 이상의 골드를 드립니다.
</file>

<file path="bin" name="BIT_PLZ_READ.txt">
Bit, 잠수 중이면 좀 나와봐. 얘기할 게 있어.
Vap0r가 계속 뭔가 이상하다고 난리야 - 뭔가 잘못됐다고 확신해. 연락 좀 해줘.
-T
</file>
  
  <proxy time="0.3"/>
</Computer>


