<?xml version = "1.0" encoding = "utf-8" ?>
<mission id="hubIntro3" activeCheck="true">
  <goals>
  </goals>
  <nextMission>NONE</nextMission>
  <email>
    <sender>CSEC 관리자</sender>
    <subject>CSEC 초대 - 축하</subject>
    <body>
#PLAYERNAME#,

잘했어! 사실 나도 얼마 전에 저 메인프레임을 뒤져봤는데, 그걸 찾지 못했거든 - 추적한 보람이 있네.
제대로 한방 먹였군.

정식으로 CSEC에 환영한다 - 여기 사람들은 최소한 자기가 뭘 하는지는 아는 애들이니까, 방금 그 임무가 쉬웠다면 금방 적응할 거야.

허브 서버 로그인 정보를 첨부해뒀어 - 거기서 계약 받고, 새 코드 다운받고, 그냥 거점으로 쓰면 돼.
계속 연락하지. 축하 선물로 창고에서 새 프로그램 몇 개 챙겨가.

-Vap0r
CSEC 관리자
    </body>
    <attachments>
      <link comp="mainHub"/>
      <account comp="mainHub" user="#PLAYERNAME#" pass="reptile"/>
      <link comp="mainHubAssets"/>
      <account comp="mainHubAssets" user="admin" pass="csec-5xg3D11"/>
    </attachments>
  </email>
</mission>
