<?xml version = "1.0" encoding = "utf-8" ?>
<mission id="lelzSec4" activeCheck="true">
  <goals>
    <goal type="FileDeletion" target="secuLockDrive" file="DeleteMe.txt" path="home"/>
    <goal type="FileDownload" target="polarSnakeDest" file="SQLBufferOverflow.exe" path="home/Gifts"/>
  </goals>
  <nextMission IsSilent="true">lelzSec/CSEC_TransferMissionDelay.xml</nextMission>
  
  <email>
    <sender>Naix</sender>
    <subject>미전송</subject>
    <body>보여서는 안 되는</body>
    <attachments>
    </attachments>
  </email>
</mission>
