<?xml version = "1.0" encoding = "utf-8" ?>
<Computer id="polarSnakeDest" name="북극성의 머리" ip="103.33.8.162" security="1">

  <ports>22, 1433</ports>
  
  <file path="home" name="Ofuda.txt">

    너를 지켜볼 것이다.

    때가 되면,

    우리와 합류하게 될 것이다.

    선물을 가져가라.

  </file>

  <file path="home/Gifts" name="WHITE_x-server.sys">#WHITE_THEME#</file>
  <file path="home/Gifts" name="SQLBufferOverflow.exe">#SQL_CRACK#</file>

</Computer>
