<?xml version = "1.0" encoding = "utf-8" ?>
<mission id="pacemakerHWArticle04">
  <goals>
  </goals>
  <nextMission>NONE</nextMission>
  <posting title="#0E0015 - 심박 조율기 v2.44 보안 및 인가">
이 글은 v2.44 심박 조율기의 보안 기능을 설명합니다. 일반 작동에 관한 내용은 인쇄 문서를 참조하거나 support@kellisBio.com에서 추가 사본을 요청하세요.
---------------------------------------------

소프트웨어 개발자로부터 서명된 바이너리를 받은 후 펌웨어 업데이트를 수행하기 위한 보안 인가를 받으려면 여러 단계를 거쳐야 합니다.
먼저 환자의 참조 IP 주소를 사용하여 심박 조율기에 연결합니다.

케이스별로 할당될 세부정보를 사용하여 관리자로 로그인합니다. 이 단계는 Kellis의 독점 마이크로 포트 보호 시스템(포트 6652)으로 보호됩니다.

이 단계에서 원격 모니터링이 활성화되어 실시간 ECG 데이터를 볼 수 있습니다.

펌웨어 업데이트를 수행하려면 승인된 소프트웨어 제조업체 인증 코드로 두 번째 소프트웨어 로그인을 수행해야 합니다.

두 세부정보가 확인되면 업데이트가 업로드되어 칩에서 활성화되고, 칩은 자동으로 소프트 리셋(환자에게는 위험 없음)되어 새 코드를 활성화합니다.

  </posting>
    <email>
    <sender>ERROR</sender>
    <subject>오류</subject>
    <body>
본 이메일을 받았다는 건 예기치 못한 오류가 발생했음을 의미한다.
제발 당황해라.
    </body>
    <attachments>
    </attachments>
  </email>
</mission>
