<?xml version = "1.0" encoding = "utf-8" ?>
<mission id="education02">
  <goals>
  </goals>
  <nextMission>NONE</nextMission>
  <posting title="Proxy Servers - Advanced">
프록시 서버는 본질적으로 대상에 연결할 때 경유하는 보조 컴퓨터로, 네트워크 트래픽을 필터링하고 캐싱하여 보안을 제공하고 빈번하게 요청되는 정보에 대한 웹 성능을 향상시킵니다.

프록시는 기본적으로 네트워크 위협으로 간주될 수 있는 트래픽(예: FTP 플러딩)을 차단하도록 구성되며, 대신 허용 가능한 트래픽(예: YouTube 동영상 스트리밍 트래픽)은 화이트리스트에 추가해야 합니다.
이는 올바르게 구성되는 동안 일부 사용자에게 불편을 줄 수 있지만, 포트나 보안 서비스를 침해할 수 있는 프로그램의 실행을 완전히 방지할 수 있습니다.

프록시 서버의 가장 잘 알려진 취약점은 메모리 상한에 도달할 경우 연결된 네트워크를 완전히 차단하거나(거의 사용되지 않는 기능) 검증되지 않은 트래픽을 통과시킬 수밖에 없다는 점입니다.
이로 인해 네트워크 보안 예산이 증가하면서 훨씬 더 많은 메모리를 갖춘 강력한 프록시 서버가 등장했으며, 단일 컴퓨터로 과부하를 일으키는 것은 거의 불가능한 길고 어려운 작업이 되었습니다.

  </posting>
  <email>
    <sender>ERROR</sender>
    <subject>오류</subject>
    <body>
본 이메일을 받았다는 건 예기치 못한 오류가 발생했음을 의미한다.
제발 당황해라.
    </body>
    <attachments>
    </attachments>
  </email>
</mission>
