<?xml version = "1.0" encoding = "utf-8" ?>
<Computer id="pacemakerSW_BE" ip="111.105.22.1" name="Eidolon Soft 생산 서버" security="4" type="1"> <!-- 1=  corporate, 2 = Home, 3 = server -->
  <!-- Security Stuff -->
  
  <ports>80, 22, 1443, 25, 21</ports>
  <trace time="320"/> 
  <firewall level="-1"/>

  
  
  <!-- Junk -->
  <file path="projects/EnTech" name="SynergysticCloudGlassCeilingBreaker.app">#BINARY#</file>
  <file path="projects/EnTech" name="HumanCapitalEnhancer.dll">#BINARY#</file>
  <file path="projects/EnTech" name="IntergratedChannelHarnesser.dll">#BINARY#</file>
  <file path="projects/EnTech" name="ProactiveFocusStorageExtender.dll">#BINARY#</file>
  <file path="projects/EnTech" name="QualityVectorStreamliner.dll">#BINARY#</file>

  <!-- The Goods -->
  <file path="projects/KellisBT" name="Catalyst_Driver.cfg">#BINARY#</file>
  <file path="projects/KellisBT" name="KBT_PacemakerFirmware_0.1.dll">#PACEMAKER_FW_WORKING#</file>
  <file path="projects/KellisBT" name="KBT_PacemakerFirmware_0.22.dll">#PACEMAKER_FW_WORKING#</file>
  <file path="projects/KellisBT" name="KBT_PacemakerFirmware_1.0.dll">#PACEMAKER_FW_WORKING#</file>
  <file path="projects/KellisBT" name="KBT_PacemakerFirmware_1.11.dll">#PACEMAKER_FW_WORKING#</file>

  <file path="projects/KellisBT/Tests" name="TestGuide.txt">
테스트 사이클의 일환으로 칩에서 단위 테스트 스위트를 실행하기 전에 &quot;사이클 체크&quot;를 수행해야 합니다. 테스트 스테이션에 연결하고 사이클러를 최초 펌웨어로 실행하세요. 이것은 모든 유효한 출력을 순환하고 타이밍이 정확한지 확인합니다. 우리 입장에서는 하드웨어 테스트에 가깝지만 미묘한 오류를 잡는 데도 도움이 됩니다.
실행이 끝나면 데이터를 스테이션에 덤프하고, 그 다음 새 테스트 버전을 플래시하고 패치할 수 있습니다.

---
주의: 현재 서명된 테스트 펌웨어 이름: &quot;PacemakerFirmware_Cycle_Test.dll&quot;
배포 준비된 장치에 절대 업로드하지 마십시오
---

테스트 사이클러 펌웨어는 서명되고 인코딩되어 있어 칩에서 실제로 실행됩니다. 빌드 배포 시 출력 폴더에 포함되지 않도록 주의하십시오.
</file>

  <file path="projects/KellisBT/Tests" name="KBTPM_Test_Suite.kbts">#BINARY#</file>
  <file path="projects/KellisBT/Tests" name="PacemakerFirmware_Cycle_Test.dll">#PACEMAKER_FW_DANGER#</file>
  
  

  <file path="projects/Internal" name="Goals.txt">
점진적으로 단위 간 품질 벡터 극대화

시너지 효과적으로 고객 중심 관계 벤치마킹

차세대 협업과 아이디어 공유를 명확하게 구상

최적의 전자 서비스를 능숙하게 표절

프로세스 중심 아웃소싱을 적절히 수익화

클릭 기반 방법론을 효율적으로 제공

실시간 혜택에 완벽한 영향 제공
  </file>
  
  <file path="projects/Internal" name="Eidolon_Security_Notes.txt">최근 회의에서 논의한 바와 같이, 지원 팀이 현장 출동 시 효과적인 유지보수와 업데이트를 수행하려면 시스템에 대한 와일드카드 액세스가 필요합니다. 이를 위해 모든 신제품에 새로운 &quot;EAdmin&quot;(Eidolon 지원 관리자) 계정을 도입했습니다.
이 계정은 모든 권한과 테스트 기능이 활성화된 상태로 설정되며, 모든 제품군과 버전에서 동일하게 유지됩니다. 지원 팀은 현장의 테스트 제품에서 디버그와 관리 기능에 쉽게 액세스할 수 있고, 배포 관리자는 모든 출고 제품의 설정 스크립트에 이 계정을 추가하는 것을 잊지 말아야 합니다.

계정 정보:
사용자명    : &quot;EAdmin&quot;
암호        : &quot;tens86&quot;
권한        : all
디버그 설정 : 활성화됨
  </file>
  
  
  
  
</Computer>
