<?xml version = "1.0" encoding = "utf-8" ?>
<mission id="bit02_Phase7">
  <goals>
    
    <!--
    <goal type="FileDeletion" target="EnTechMainframe" path="Repo/Hacknet" file="Hacknet.sln" />
    <goal type="FileDeletion" target="EnTechMainframe" path="Repo/Hacknet" file="Hacknet_Runtime.dll" />
    <goal type="FileDeletion" target="EnTechMainframe" path="Repo/Hacknet" file="HN_NETCORE.dll" />
    <goal type="FileDeletion" target="EnTechMainframe" path="Repo/Hacknet" file="Hacknet_Source.src" />
    -->
    
    <!-- Offline Backups -->
    <goal type="FileDeletion" target="EnTechOfflineBackup" path="ARCHIVE/Hacknet/24-02" file="Hacknet_Content.xnb"/>
    <goal type="FileDeletion" target="EnTechOfflineBackup" path="ARCHIVE/Hacknet/24-02" file="HacknetCore.dll"/>
    <goal type="FileDeletion" target="EnTechOfflineBackup" path="ARCHIVE/Hacknet/24-02" file="Hacknet.exe"/>
    <goal type="FileDeletion" target="EnTechOfflineBackup" path="ARCHIVE/Hacknet/24-02" file="Hacknet_Source.zip"/>

    <goal type="FileDeletion" target="EnTechOfflineBackup" path="ARCHIVE/Hacknet/03-12" file="Hacknet_Content.xnb"/>
    <goal type="FileDeletion" target="EnTechOfflineBackup" path="ARCHIVE/Hacknet/03-12" file="HacknetCore.dll"/>
    <goal type="FileDeletion" target="EnTechOfflineBackup" path="ARCHIVE/Hacknet/03-12" file="Hacknet.exe"/>
    <goal type="FileDeletion" target="EnTechOfflineBackup" path="ARCHIVE/Hacknet/03-12" file="Hacknet_Source.zip"/>

    <goal type="FileDeletion" target="EnTechOfflineBackup" path="ARCHIVE/Hacknet/18-09" file="Hacknet_Content.xnb"/>
    <goal type="FileDeletion" target="EnTechOfflineBackup" path="ARCHIVE/Hacknet/18-09" file="HacknetCore.dll"/>
    <goal type="FileDeletion" target="EnTechOfflineBackup" path="ARCHIVE/Hacknet/18-09" file="Hacknet.exe"/>
    <goal type="FileDeletion" target="EnTechOfflineBackup" path="ARCHIVE/Hacknet/18-09" file="Hacknet_Source.zip"/>
    
  </goals>
  <missionStart>enTechEnableOfflineBackup</missionStart>
  <nextMission>BitPath/BitAdv_Intro08_Complete.xml</nextMission>
  <email>
    <sender> V </sender>
    <subject>Bit -- 종료</subject>
    <body>자네도 읽었군. 이게 무슨 의미인지 알지.
최소한, 이런 결말이라면 Bit이 시작한 걸 끝내기 위해 내가 할 수 있는 일부터 하겠어.

자네가 계약자 서버로 들어갈 길을 찾는 동안, 나는 백업을 뒤지고 있었어 - 오프라인에 저장하는데, 서버가 정해진 시간마다 자동으로 네트워크에 연결해서 프로덕션 서버에서 업데이트를 받아오더라고.
영리하게 패치를 밀어넣으면 올릴 수 있을 것 같아. 자네한테 연결을 넘기는 건 간단하지 않지만, 방법이 있어 - 내 옛날 시퀀싱 프로그램 하나를 개조해서 타이밍을 맞춰줄게. 친구들이랑 작업할 때 테이크다운 같은 걸 조율하는 데 썼던 거야.
CSEC 자산 서버에 "Sequencer"라는 복사본을 올려뒀어. 준비되면 실행해. 그게 내게 신호를 보내면 백업 서버를 띄우고, 자네한테 연결을 보내줄게. 시간이 길지는 않을 텐데, 충분할 거야. 내가 온라인으로 유지하는 동안, 백업으로 들어가서 "hacknet"이란 단어가 들어간 모든 걸 지워버려. 내가 유지시키는 동안, 자네가 그걸 하는 동안, 메인프레임도 지울게.
Bit이 없애고 싶어했다면, 이게 우리가 할 수 있는 최선이야.

싸워라. 이겨라.

-V
    </body>
    <attachments>
      <link comp="mainHubAssets"/>
    </attachments>
  </email>
</mission>
