<?xml version = "1.0" encoding = "utf-8" ?>
<mission id="bitHubSet01">
  <goals>
    <goal type="FileUpload" target="bitDropBox" file="READ_all_hackers.txt" path="Drop/Uploads" destTarget="hubPubDrop" destPath="Drop/Uploads"/>
  </goals>
  <missionStart val="8" suppress="true">changeSong</missionStart>
  <nextMission>MainHub/BitSet/Missions/BitHubSet01_REPLY.xml</nextMission>
  <posting title=" [NEW] CSEC 멤버 실종 사건 조사">
CSEC에서 잘 알려진 멤버이자 많은 사람들의 개인적인 친구인 Bit이 2주 전에 잠적했고 누구와도 연락하지 않고 있습니다.
여러 개인 조사가 진행 중인 건 확실하지만, 돕고 싶은 사람들을 위해 CSEC 공식 게시글로 만들고자 합니다.
그의 실종과 관련된, 또는 이상적으로는 현재 상태에 관한 모든 정보를 찾고 있습니다.
  </posting>
  <email>
    <sender>CSEC Hub Services</sender>
    <subject>Bit 실종 수사</subject>
    <body>이봐,

좀 덜 공식적인 이메일이 될 거고 내 핸들로 서명할게. 여기선 익명이 필요 없어. 친구를 찾는 거니까.
Bit이 2주 전쯤 잠적했는데 꽤 이상한 일이야. 잠깐 잠적하는 건 괜찮지만 여기 누구와도 연락 안 한 지 2주? 뭔가 있어.

그가 소유하거나 사용하는 서버 몇 개 링크를 보냈으니 거기 좀 뒤져봐. 뭔가 찾으면 CSEC 드롭 서버에 올려줘. 내가 확인해볼게.

고맙다,
-Vapor
    </body>
    <attachments>
      <link comp="bitMission00"/>
      <link comp="bitRelay01"/>
      <link comp="hubPubDrop"/>
    </attachments>
  </email>
</mission>
