<?xml version = "1.0" encoding = "utf-8" ?>
<mission id="hubSet01">
  <goals>
    <goal type="removeDeathRowRecord" name="Joseph Felman"/>
  </goals>
  <missionEnd val="1">addRank</missionEnd>
  <nextMission>NONE</nextMission>
  <posting title="Remove a Fabricated Death Row Record">
누군가가 사형수 데이터베이스에 심어놓은 거짓 정보를 제거하는 청소 작업이야.
알 수 없는 이유로 가짜 중복 레코드가 사형수 기록에 추가되었어 - 아마 신원 도용이나 괴롭힘 목적일 거야.
이 가짜 레코드를 제거해야 해.
  </posting>
  <email>
    <sender>CSEC Hub Services</sender>
    <subject>사형수의 사칭범</subject>
    <body>이 의뢰는 익명을 원하는 CSEC 멤버가 추가했습니다. 이 의뢰를 통해 의뢰인의 신원을 파악할 수도 있겠지만, CSEC는 항상 그래왔듯이 멤버들의 프라이버시와 익명성을 존중해주길 부탁합니다.

의뢰:
"Joseph Felman"(#119080)의 사형수 레코드는 명백하게 Alva Curry(#999080)의 레코드를 복제한 것이며, Curry의 것이 원본이 확실합니다.
Joseph Felman 레코드를 데이터베이스에서 삭제해주세요 - 그 레코드의 존재는 실존하는 모든 Joseph Felman에게 위험이 될 뿐만 아니라 Curry 씨의 진술에 대한 모욕입니다. 이를 바로잡아주세요.

-CSEC
    </body>
    <attachments>
      <link comp="deathRow"/>
      <note title="레코드 세부사항">삭제할 레코드:
"Joseph Felman"</note>
    </attachments>
  </email>
</mission>
