<?xml version = "1.0" encoding = "utf-8" ?>
<Computer id="EnTechOutsiderRepo" name="EnTech 외부 협력자 릴레이 서버" security="5" ip="156.151.59.35">

  <adminPass pass="ax889msjA"/>

  <ports>80, 22, 1433, 25, 21</ports>
  <portsForCrack val="9999999"/>
  <trace time="500"/>

  <positionNear target="EnTechMainframe" position="1" total="6"/>

  <encryptedFile path="Contractors/Bit" name="heart.dec" ip="23.236.62.147" extension=".txt" header="Bitwise / last words" pass="divingsparrow">
내가 알려준 비밀번호를 - 자네가 내가 바라는 그 사람이라는 믿음으로 이걸 쓰고 있어. 그리고 지금 내가 쓸 수 있는 건 이것뿐이니까.
여기까지 찾아줘서 고마워. 누군가 이걸 읽는다는 것 자체가 많은 걸 바라는 일이지만, 요즘 내가 하는 일이 다 그렇지 뭐.
자, 본론으로 가자면 - 자네가 정말 여기 있다면, 글쎄, 그건 이미 최악의 경우고, 어려운 부탁들이 있어. EnTech가 무슨 짓을 하는지에 대한 파일을 봤을 거야 - 나와 같은 생각이길 바라. EnSec이 이미 얼마나 훌륭한지 봤겠지 - 정말 믿을 수 없을 정도고, 일단 완성되면, 우리가 지금 가진 자유가 얼마나 사라질지 궁금해.
이건.. 사실 괜찮을 수도 있어. 그건 괜찮고, 여러 면에서 보안을 고치려 노력하는 그들을 존중하고 성공하길 바라, 비록 내가 제일 잘하는 걸 무력화시키더라도.

하지만 이런 식은 안 돼.

Hacknet 프로젝트가 문제야. 좋은 보안을 만드는 건 훌륭하고, 그것과 사용에 대한 많은 통제권을 쥐는 것도 어느 정도는 괜찮아. 하지만 자기들이 만든 것 외의 모든 걸 부수는 건 아니야.
깨달았을 땐, 이미 Hacknet에 너무 많이 기여한 후였어 - 믿을 수 없는 프로젝트였고, 재미있고 도전적이었으며 끝없이 리소스를 쏟아부었거든 - 작업하기에 환상적이었지. 그리고 나는 믿을 수 없는 걸 만들었어.
"Porthack"이라고 불러 - 기본적으로 내 지식과 기술의 집대성이야 - 거의 어디든 문을 열 수 있지.

시간이 좀 지나고 호기심이 생겨서, 메인프레임에 침입해서 모든 걸 합쳐봤어 - 아마 완전한 Porthack이 연결된 프로젝트의 최초 "완전" 빌드였을 거야...
여기서 무슨 일이 일어날지 보는 건 어렵지 않아 - 그들이 이걸 완성하고, Hacknet이 어떻게든 나가고, 세상은 완전한 혼돈에 빠지고, 디지털 보안이 이 미친 독점에 빠지는 걸 막을 유일한 기회가 사라지지.
우리가 가진 게 완벽하진 않고, EnTech의 보안은 좋지만, Hacknet은 모든 걸 망쳐 - 그리고 지금 막지 않으면, 영원히 막지 못할 수도 있어.

CEO의 이메일 계정이 나머지를 알려줄 거야.

사용자: rc@entech.com
비밀번호: "byC89kMMe"

부탁해,
-Bit
0
</encryptedFile>

  <file path="Contractors/teja" name=".gitkeep">#이 파일은 모든 내용물이 제거된 후에도 본 폴더가 Git에서 활성 상태에 남도록 하기 위해 일부러 빈 상태입니다</file>
  
</Computer>
