<?xml version = "1.0" encoding = "utf-8" ?>
<mission id="bit02_Phase6">
  <goals>
    <!--
    <goal type="FileDownload" target="EnTechOutsiderRepo" file="heart.dec" path="Contractors/Bit" />
    -->
  </goals>
  <missionStart val="1">changeSong</missionStart>
  <nextMission>BitPath/BitAdv_Intro07.xml</nextMission>
  <email>
    <sender> V </sender>
    <subject>Bit -- 설욕</subject>
    <body>바로 이거야. 내가 찾던 게. 깔끔하게 싹 지워져 있어, Bit의 폴더에 있는 암호화된 파일 하나만 빼고 (자네도 봤겠지만), 그런데 그 파일...
어떻게 여는지 알아. 오래전에 Bit과 함께 프로젝트했던 사람 몇 명한테 알려줬던 비밀번호거든. 그때도 이렇게 암호화된 메시지를 보냈었어.

비밀번호는 "divingsparrow"야 - 나는 이미 읽어봤어. 내가 확인해야 할 이메일 계정이 있더라고 - 자네도 똑같이 하는 게 좋을 거야.
파일 다운로드해서 로컬에서 복호화해, 열어놓은 복사본을 아무 데나 남겨두지 말고. 그리고 나한테 연락 줘 - 진실에 다가가고 있는 것 같아 - 그리고 행동이 필요해.

따라잡으면 연락 줘, 끝장을 내자.

-V
    </body>
    <attachments>
    </attachments>
  </email>
</mission>
