<?xml version = "1.0" encoding = "utf-8" ?>
<mission id="bit02_Phase2">
  <goals>
    <goal type="getString" target="156.151.59.35"/>
  </goals>
  <nextMission>BitPath/BitAdv_Intro03.xml</nextMission>
  <email>
    <sender> V </sender>
    <subject>Bit -- 구체화</subject>
    <body>좋아,

TraceKill - 이름 그대로, 실행하면 진행 중인 추적을 우회시켜줘. 일이 훨씬 수월해질 거야.

시작하지.

지난번 이후로 좀 파봤어. 그 메시지 자네도 봤지? Bit은 무슨 일이 벌어지는지 알고 있었어. 어쨌든, 그게 무엇이든 Bit이 하던 작업과 연관됐다는 것만으로도 시작점은 충분했어 - 추적해보니까 Bit의 서버나 릴레이 목록을 찾았지. 그 중 몇 개나 같은 머신에서 돌아가는 가상 박스인지는 모르겠지만, 시작점으로는 괜찮아.
가장 유망해 보이는 건 이 메일 마지막에 링크했어. 개인 작업 서버인데, Bit이 작업 중이던 버전 관리 저장소를 개인적으로 백업해서 호스팅하는 데 쓰던 것 같아.
이것 자체가 단서일 수도 있지. 누가 기업 VC 솔루션을 따로 백업하겠어? 내가 생각하기엔 세 가지 경우야. 회사가 망치면 책임을 자기한테 돌릴 거라 생각하거나, 주변에 무능한 놈들 투성이라 확실하게 해두려는 거나, 법적 이유로 백업과 로그가 필요하거나, 아니면 뭔가 걱정되는 게 있어서 문제 생길 때를 대비해 기록을 남겨둔 거지.

어느 쪽이든, 여기서부터 파는 게 좋을 것 같아. 한번 살펴볼래? 나도 둘러봤는데, 별로 건진 게 없더라 - 저장소 덤프 파일을 복호화할 수가 없어.

뭐든 찾으면 알려줘 - 이상한 거 연결 고리 찾으면 IP 주소 보내줘.

-V
    </body>
    <attachments>
      <link comp="BitWorkServer"/>
    </attachments>
  </email>
</mission>
