<?xml version = "1.0" encoding = "utf-8" ?>
<mission id="GenMission">
  <generationKeys File="#LC_CLIENT#_delivery.zip" Path="home"/>
  <goals>
    <goal type="FileDeletion" target="#COMP#" file="#FILE#" path="#PATH#"/>
  </goals>
  <missionEnd val="1">addRank</missionEnd>
  <nextMission>NONE</nextMission>
  <posting title="Sale for #CLIENT# Gone Awry">
어떤 &quot;고객&quot;이 매우 비싼 소프트웨어를 구매하고는 대금을 지불하지 않고 있다. 소프트웨어를 사용할 자격이 없으니 삭제해주게.
  </posting>
  <email>
    <sender>#CLIENT#</sender>
    <subject>#CLIENT# - 반납 정책</subject>
    <body>
안녕하신가, 요원.

 어떤 고객 업체에서 매우 고가의 소프트웨어를 우리 #CLIENT# 회사에서 주문하였는데, 대금을 지불할 생각이 없는 듯 하네. 저 쪽에서 법적으로 장난을 친 탓에 전통적인 방법으로는 해결할 수 없더군. 
그래서 당신에게 부탁하는 것이네. 저들의 시스템에 들어가서 부당하게 우리에게서 갈취한 소프트웨어를 제거해주게. 우리는 소프트웨어를 아카이브 형식으로 전송하며, 주로 이름이 &quot;#FILE#&quot;이지.

 이렇게 민감하고 유감스러운 일을 맡아주어서 고맙네.

-#CLIENT#
    </body>
    <attachments>
      <link comp="#COMP#"/>
    </attachments>
  </email>
</mission>
