<?xml version = "1.0" encoding = "utf-8" ?>
<mission id="GenMission">
  <goals>
    <goal type="FileDeletion" target="#COMP#" file="#FILE#" path="#PATH#"/>
  </goals>
  <missionEnd val="1">addRank</missionEnd>
  <nextMission>NONE</nextMission>
  <posting title="#CLIENT# - Intimidation Tactics">
주요 고객의 동료가 무례하게 굴어서, 경고를 보낼 필요가 있습니다.
최근 생성된 서버 백업을 파괴하십시오.
  </posting>
  <email>
    <sender>#CLIENT#</sender>
    <subject>겁주기 전략</subject>
    <body>
안녕하십니까, 요원.

우리 동료 중 한 명이 최근 매우 무례한 방식으로 선을 넘고 있습니다. 그에게 메시지를 보낼 필요가 있습니다.

정보에 따르면 그들은 최근 회사 전체 백업을 완료하여 별도 서버에 데이터를 저장했습니다. 현재 작업 중인 사본은 손상시키지 않고, 이 아카이브를 제거하는 것만으로도 충분한 신호가 될 것으로 봅니다.
대상 정보는 첨부되어 있습니다.

-#CLIENT#
    </body>
    <attachments>
      <link comp="#COMP#"/>
    </attachments>
  </email>
</mission>
