<?xml version = "1.0" encoding = "utf-8" ?>
<mission id="bitHubSet01" activeCheck="true">
  <goals>
  </goals>
  <nextMission>NONE</nextMission>
  <posting title="Error">
    
  </posting>
  <email>
    <sender>CSEC Hub Services</sender>
    <subject>답장: 프로젝트 왕풍뎅이</subject>
    <body>
충분히 이해합니다.

고려해줘서 고맙습니다.
이 문제에 대해서는 최대한 신중하게 다뤄주시기 바랍니다.

-CSEC 관리자
    </body>
    <attachments>
    </attachments>
  </email>
</mission>
