<?xml version = "1.0" encoding = "utf-8" ?>
<mission id="education02">
  <goals>
  </goals>
  <nextMission>NONE</nextMission>
  <posting title="Proxy Server Quick Guide">
프록시 서버는 대상 컴퓨터와 연결 컴퓨터 사이에서 버퍼링 계층 역할을 수행하며, 들어오는 트래픽을 필터링, 캐싱, 모니터링하여 반복적인 쿼리에 대한 웹 성능을 최적화하고 특정 유형의 공격을 방지합니다.

프록시 서버의 가장 잘 알려진 취약점은 메모리 상한에 도달할 경우 검증되지 않은 트래픽을 통과시킬 수밖에 없다는 점입니다.

해커와 테스터는 이 취약점을 악용하기 위해 액세스 권한이 있는 다른 컴퓨터에서 쉘을 실행한 후(일반적으로 내장 &quot;shell&quot; 프로그램 사용), 여러 쉘을 이용하여 대상 컴퓨터에 연결하고, 쉘의 &quot;overload&quot; 기능을 사용하여 대상의 프록시 서버를 정크 데이터로 과부하시켜, 잠재적으로 유해한 트래픽이 통과할 수 있도록 합니다.
  </posting>
  <email>
    <sender>ERROR</sender>
    <subject>오류</subject>
    <body>
본 이메일을 받았다는 건 예기치 못한 오류가 발생했음을 의미한다.
제발 당황해라.
    </body>
    <attachments>
    </attachments>
  </email>
</mission>
