<?xml version = "1.0" encoding = "utf-8" ?>
<Computer id="portcrack01" name="바이퍼-전투정거장" security="0" type="4">

  <dlink target="viperScanEarlyGame"/>
  
  <file path="bin" name="SSHcrack.exe">#SSH_CRACK#</file>
  <file path="home" name="Youtubers.txt">
유튜브 이용자는 다음을 확인하세요: 

captainspinifex
rockleesmile
northernlion
officialcalemgames
jonathancrowgamer

  </file>
  <file path="home" name="Notes.txt">
    Gollum이 알려준 서버에서 최신 haxxor 프로그램을 토렌트로 드디어 받았어 - 완전 멋져!

    당장 써보고 싶은데 - 우선 사용법부터 알아내야겠군.
  </file>
  <file path="home" name="asdf.txt">
    입단 테스트?
    199.59.149.230
    프록시 서버

    ..

    과부하 관련된 게 필요할까?
    더 조사해봐야겠어. 도움될 프로그램이 있을까? 돈 더 달라고 해야겠다.
  </file>
  <file path="home" name="EmailDraft.txt">
    아빠,
    한동안 이메일 못 보내서 죄송해요 - 학교 때문에 너무 바빠서요. 11학년은 힘들지만 잘하고 있는 것 같아요.
    부탁드릴 게 있는데요 - 학교 프로젝트용 소프트웨어가 필요해요. 'FTPBounce.exe'라고 해요. 정말 유용한 거예요! 근데 비용이 좀 들어서, 지난번에 보내주신 돈을 다 써버렸어요. IT 프로젝트 소프트웨어가 다 너무 비싸요.
    제 계좌로 $2,000 한 번만 더 보내주실 수 있을까요? 정말 큰 도움이 될 거예요.

    고마워요!
    사랑해요,
    Tim
  </file>
  
  <file path="home/work" name="jasperlog.txt">
[viper] 내가 요청한 키 구했어?
[jasper] 돈은 준비했어?
[viper] 송금 준비됐어
[jasper] 드롭 서버에 절반 업로드했어. 송금 완료되면 나머지 키 받을 거야.
[viper] 알았어. 지금 확인 중.
[viper] 완벽해. 작동하네.
[jasper] 이제 돈 받을 수 있을까?
[viper] 보냈어
[jasper] 받았어. Call of Soldier가 올해 이렇게 인기 끌 줄 누가 알았겠어.
[viper] 올해 최고 히트작이지.
[jasper] 게이머들.
  </file>
  
  <file path="home/work" name="TARGET.txt">
[viper] 환불받고 싶어요.
[cs#1575] 죄송하지만 고객님, 단순 변심으로는 환불이 불가능합니다.
[cs#1575] J-Bay에 재등록하시는 건 어떠신가요?
[viper] 당신네 망할 경매 사이트에 올리고 싶지 않아요.
[viper] 말했잖아요, 실수로 관심 목록 버튼 대신 입찰 버튼을 눌렀다고요.
[cs#1575] 죄송합니다만 고객님, 저희 정책상 실수로 버튼을 누른 것은 환불 대상이 아닙니다.
[cs#1575] Penetrator 9000을 그대로 받으시거나, 경매 목록을 통해 비용을 회수하실 수 있습니다.
[viper] 당신 잘못 건드렸어요. 오늘 일 후회하게 만들어주지.
[cs#1575] 감사합니다, 고객님. 즐거운 저녁 되세요.
  </file>
  
    <file path="home/work" name="ripped_prerelease.log">
[glaylor] 네가 망쳤어
[glaylor] 개발 기간 18개월
[glaylor] 3백만 달러
[glaylor] 결과물이 휴대폰 화면이나 쳐다보는 게임이라니
[glaylor] ..................
[glaylor] 으아아아아아아아아아아아아아아아아아아아아
[hoops] 워, 진정해, 사람들 이거 좋아할 거야
[hoops] 이건 세상의 현상에 대한 성찰 같은 거야.
[hoops] 요즘 거리 걸어본 적 있어?
[hoops] 사람들 항상 폰에 고개 박고 있잖아. 본인들도 못 느껴.
[hoops] 그래서 우리가 만든 게 계속 폰 보면서 운전하고, 걷고, 총 쏘고, 해킹하는 게임이지.
[hoops] 천재적이잖아.
[glaylor] 이사회에서 날 죽일 거야.
[glaylor] 이름이라도 잘 지어야겠어.
[glaylor] 박스 아트도 하드코어하게 하고.
[glaylor] 블룸 효과도 추가하고. 애들은 항상 그런 거에 끌리니까.
  </file>
  
  <file path="home/work" name="seb.txt" EduSafe="false">
[viper] 어떻게 됐어?
[lilsebastian] 악몽이었어.
[viper] 왜?
[lilsebastian] 전망대에서 밤을 보냈어. 완전 로맨틱했지.
[lilsebastian] 그러다 키스하기 시작했고.
[lilsebastian] 알지, 그렇게 놀기 시작했는데.
[lilsebastian] 그게, 어.
[viper] 뭐?
[viper] 말해봐.
[lilsebastian] 어, 예상보다 빨리 끝났어. 그러니까. 옷도 아직 입고 있을 정도로.
[viper]......
[viper]......
[viper] 하하하하하하하하하하하하하하하하하하하
[lilsebastian] 닥쳐.
[viper] 야, 절대 누구한테도 그 얘기 하지 마.
[viper] 우리 친구니까 망정이지, 아니면 다 떠벌리고 다닐 뻔했어.
[viper] 아무튼 가봐야겠어. 코딩 더 해야 돼.
[lisebastian] 알았어. 내일 학교에서 봐.
[viper] 너무 일찍 오지는 마.
  </file>
  
  <eosDevice name="Tim's ePhone 4S">
    <note>포트 번호
웹 브라우저 및 웹 서비스: 80 (가끔 8080?)
SSH: 22 (#### 이걸 위한 프로그램)
FTP: 21
SQL: 1433
    </note>
    <note>entropy
해커 그룹 같은 건가?
규모가 작아 보이고, 뉴스도 별로 없네?
Slashbot이 뭔가 이유로 싫어하는 거 빼면?
&quot;우리 테스트 서버 찾아서 뚫어라&quot; - 어떻게?
게시판 글인데 다른 정보는 없네?

어딘가 색인되어 있을지도? 넷 레지스트리 찾아서 entropy 검색?
    </note>
    <note>daves
H22에서 Westfield st로 (정류장 22)
4:25 - 5:12
4:55 e.30m
    </note>
  </eosDevice>
</Computer>

