<?xml version = "1.0" encoding = "utf-8" ?>
<mission id="alphaCredits">
  <goals>
  </goals>
  <missionStart val="5">changeSong</missionStart>
  <nextMission>NONE</nextMission>
  <email>
    <sender>Matt Trobbiani</sender>
    <subject>끝</subject>
    <body>
축하합니다!

방금 Hacknet을 클리어하셨습니다!
이 게임은 친구들과 함께한 48시간 게임잼의 사이드 프로젝트로 시작했는데, 사람들이 너무 좋아해줘서 한동안 여가 시간에 작업해서 2012년에 프로토타입 버전을 만들었습니다.
반응이 놀라웠고, 그 버전 마지막에 다른 프로젝트를 위해 게임 개발을 중단한다고 이메일을 썼지만, 떠나 있을 수가 없었습니다.
무대 뒤에서 조용히 계속 작업했고, 결국 (2년 반 후에!) 방금 완료하신 이 버전이 되었습니다.

플레이해주셔서 감사합니다! 게임이 마음에 들었다면(또는 아니더라도), &quot;matt@hacknet-os.com&quot;으로 이메일을 보내서 생각을 알려주세요. 제안도 환영합니다!

제가 만드는 다른 것들을 팔로우하고 싶거나, 이 게임이나 비슷한 것들을 더 작업하라고 저를 귀찮게 하고 싶다면, 트위터에서 @Orann을 팔로우하시면 됩니다.

감사합니다,
-Matt

추신: 링크된 컴퓨터에 게임의 몇 가지 비밀이 있습니다 - 한번 살펴보세요!
    </body>
    <attachments>
      <link comp="creditsComp"/>
    </attachments>
  </email>
</mission>
