<?xml version = "1.0" encoding = "utf-8" ?>
<mission id="themeHackEndMission" shouldIgnoreSenderVerification="true">
  <goals>
    <goal type="FileDeletion" target="naixGateway" file="Macrosoft_Internal_Raid_Archive.rar" path="home"/>
  </goals>
  <nextMission>Entropy/PostBranch/EntropyAdv01.xml</nextMission>
  <branchMissions>
    <branch>Theme/ThemeHackNaixBranch.xml</branch>
    <branch>Theme/ThemeHackEndMissionFail.xml</branch>
  </branchMissions>
  <email>
    <sender>naix@jmail.com</sender>
    <subject>답장: 답장: 장난하자는 거야?</subject>
    <body>
      그래, 너도 엿이나 먹어.</body>
    <attachments>
    </attachments>
  </email>
</mission>
