<?xml version = "1.0" encoding = "utf-8" ?>
<mission id="eosIntro">
  <goals>
    <goal type="getString" target="tintin7"/>
  </goals>
  <missionStart val="0" suppress="true">eosIntroMissionSetup</missionStart>
  <missionEnd val="1">eosIntroEndFunc</missionEnd>
  <nextMission>NONE</nextMission>
  <posting title="eOS Device Scanning">
고객이 대상의 전화기에 있는 정보에 접근하길 원한다.
  </posting>
  <email>
    <sender>Entropy Mailbot</sender>
    <subject>eOS 장치 스캔</subject>
    <body>
안녕, 요원.

새로운 기술을 도입해야 하는 새 계약이 들어왔다 - 네가 지금 온라인이니 이걸 받아서 다음 작업으로 우리를 위해 테스트해주면 편할 것 같아.
이 계약은 대상의 전화기 - eOS 기기에 접근해야 한다. 이 분야 전문가에게 연락해서 필요한 도구를 확보했는데, 대부분 테스트되지 않은 거라서 그걸 염두에 두길 바란다.

--------중요--------
연락책에게서 도구에 대한 정보가 곧 전달될 거다. 이 이메일을 먼저 확인해라.
-------------------------

전화기에 접근하고 나면, 주인의 이메일 계정 비밀번호를 찾아야 한다 - 기기에 동기화되어 있다는 걸 확인했다. 그 비밀번호로 답장하면 나머지는 우리가 처리하겠다. 

행운을 빈다,
-Entropy 관리자
    </body>
    <attachments>
      <link comp="eosIntroComp"/>
    </attachments>
  </email>
</mission>
