<?xml version = "1.0" encoding = "utf-8" ?>
<mission id="pacemakerHWArticle01">
  <goals>
  </goals>
  <nextMission>NONE</nextMission>
  <posting title="Kellis Biotech와 여러분">
Kellis Biotech는 국제적으로 인정받는 의료 및 미용 장비 전문 풀 서비스 OEM(주문자 상표 부착 생산업체)입니다.
디자인부터 대규모 생산까지, Kellis는 임베디드 마이크로 장치 및 수술 장비를 전문으로 하는 의료용 하드웨어 제작 분야의 업계 선두주자입니다.
우리의 기준은 절대적인 신뢰성과 안정성만을 추구하는 접근 방식과 일치합니다. 여러분의 건강에 관한 한 품질에서 타협하지 않기 때문입니다.
  </posting>
    <email>
    <sender>ERROR</sender>
    <subject>오류</subject>
    <body>
본 이메일을 받았다는 건 예기치 못한 오류가 발생했음을 의미한다.
제발 당황해라.
    </body>
    <attachments>
    </attachments>
  </email>
</mission>
