<?xml version = "1.0" encoding = "utf-8" ?>
<mission id="pacemakerHWArticle03">
  <goals>
  </goals>
  <nextMission>NONE</nextMission>
  <posting title="#0E0014 - 심박 조율기 v2.44 원격 도구">
이 글은 v2.44 심박 조율기의 원격 모니터링 및 업데이트 기능을 설명합니다. 일반 작동에 관한 내용은 인쇄 문서를 참조하거나 support@kellisBio.com에서 추가 사본을 요청하세요.
---------------------------------------------

Kellis Biotech v2.44 심박 조율기(이하 &quot;심박 조율기&quot;)는 고위험군으로 간주되거나 지속적인 모니터링이 필요하지만 병원에 계속 입원할 수 없는 환자를 위해 설계되었습니다.
심박 조율기는 원격으로 연결할 수 있어 관찰자에게 실시간 ECG 데이터와 몇 가지 간단한 관리 업데이트 도구를 제공합니다. 시스템의 민감한 특성상(100% 가동 시간 필요) 칩에 할당된 소프트웨어 설계자의 빌드 서버가 서명한 바이너리 업데이트 패키지만 허용하도록 하드록되어 있습니다.

업데이트는 일반적으로 케이스별로만 제공됩니다(환자가 나이나 수술에 따른 심장 리듬의 자연스러운 변화에 대응하기 위해 약간 다른 설정이 필요할 수 있는 경우).
Kellis의 업데이트 시스템은 추가적인 침습 수술 없이도 이러한 변경을 가능하게 합니다. 이전 버전의 칩에는 설정을 수동으로 업데이트하는 도구가 포함되어 있었지만 보안 문제로 제거되었으며, 현재 버전은 펌웨어 패치를 통해서만 심박 조율기 동작을 변경할 수 있습니다(무선으로 가능하여 수술이 필요 없음).

이러한 업데이트가 필요한 경우 할당된 Kellis Biotech 담당자에게 지원 및 예산 문의를 하세요.
  </posting>
    <email>
    <sender>ERROR</sender>
    <subject>오류</subject>
    <body>
본 이메일을 받았다는 건 예기치 못한 오류가 발생했음을 의미한다.
제발 당황해라.
    </body>
    <attachments>
    </attachments>
  </email>
</mission>
