<?xml version = "1.0" encoding = "utf-8" ?>
<mission id="education02">
  <goals>
  </goals>
  <nextMission>NONE</nextMission>
  <posting title=".exe Files and Remote Execution">
현대 터미널의 exe 명령은 실행 사용자의 로컬 머신에 있는 파일을 실행하되, 해당 프로그램이 로컬 사용자가 접속한 머신을 대상으로 작동하도록 합니다.

사실상 이 명령은 의미론적 단축키 역할을 하며, 실행 명령에 접속된 머신의 IP 주소를 인수로 추가할 필요를 없애줍니다. 이를 통해 여러 프로그램이 동일한 소켓을 통해 트래픽을 전송할 수 있어 OS 레벨에서 네트워크 효율을 높입니다.
물론 많은 exe 파일은 네트워크 기능이 없도록 작성되며, 이 경우 프로그램은 사용 가능한 네트워크 소켓을 무시하고 단순히 로컬에서만 기능을 수행합니다.
  </posting>
  <email>
    <sender>ERROR</sender>
    <subject>오류</subject>
    <body>
본 이메일을 받았다는 건 예기치 못한 오류가 발생했음을 의미한다.
제발 당황해라.
    </body>
    <attachments>
    </attachments>
  </email>
</mission>
