<?xml version = "1.0" encoding = "utf-8" ?>
<Computer id="SecuLockHome" name="Stormrider" ip="199.89.130.68" security="2" icon="laptop">

  <portsForCrack val="2"/>
  <proxy time="1.2"/>
  <trace time="-1"/>
  <adminPass pass="ithoughtyouweremakingtea"/>

  <positionNear target="secuLockDrive" position="4" total="5"/>

  <dlink target="secuLockDrive"/>
  
  <file path="home" name="DriveSync.txt">동기화 활성 장치:

SecuLock Secure Storage Drive (@69.172.201.208)

eOS Device (&quot;Mica's ePhone 4S&quot;)

USB 대용량 저장 장치 (&quot;razrblade&quot;) : 찾을 수 없음

RX994 Hopscotch Drone (&quot;Dragonfly&quot;)

  </file>

  <file path="bin" name="WebServerWorm.exe">#WEB_CRACK#</file>
  
  <eosDevice name="Mica's ePhone 4S" icon="ePhone2">
    <note>secu lock test server
ithoughtyouweremakingtea
</note>
    <note>선물
유리 찻주전자
재스민 꽃 차 봉오리 한 다발
여러 가지 차 - 홍차/백차/녹차 뭐 그런 거?

    --

온도 조절 되는 주전자
비싼 꿀/각설탕?
</note>
    <mail username="micasa@jmail.com" pass="ithoughtyouweremakingtea"/>
  </eosDevice>
  
</Computer>
