<?xml version = "1.0" encoding = "utf-8" ?>
<mission id="education02">
  <goals>
  </goals>
  <nextMission>NONE</nextMission>
  <posting title="Shells">
쉘(Shell)은 별도의 컴퓨터에서 실행되며 원격 연결을 통해 로컬에서 제어할 수 있는 경량 원격 프로세스입니다.
이러한 프로세스는 다양한 작업에 유용하지만, 구체적인 기능은 실행 중인 쉘의 유형에 따라 결정됩니다.
네트워크 전반에서 사용되는 주요 기능은 다음과 같습니다:

Overload:
네트워크 및 프록시 서버 테스트를 위해 설계된 기능입니다. 쉘을 실행하는 노드에서 대상 컴퓨터로 정크 네트워크 트래픽을 대량으로 전송하여 프록시 서버 메모리를 채우고 CPU 시간을 소모시킵니다.

Trap:
이 모드로 실행되는 쉘은 외부 사용자가 쉘 실행 컴퓨터에 접속할 때 실행자에게 알림을 보내며, 원격으로 연결된 모든 사용자에게 긴급 포크폭탄(forkbomb) 공격을 실행할 수 있습니다.
다른 작업을 수행하는 동안 원격 네트워크 컴퓨터의 보안을 유지하는 데 매우 유용합니다.
  </posting>
  <email>
    <sender>ERROR</sender>
    <subject>오류</subject>
    <body>
본 이메일을 받았다는 건 예기치 못한 오류가 발생했음을 의미한다.
제발 당황해라.
    </body>
    <attachments>
    </attachments>
  </email>
</mission>
