<?xml version = "1.0" encoding = "utf-8" ?>
<mission id="hubSet01">
  <goals>
    <goal type="FileUpload" target="hubCrossroads" file="C_EXE_contact.dec" path="home" destTarget="hubPubDrop" destPath="Drop/Uploads" decrypt="true" decryptPass="quinnoq"/>
  </goals>
  <missionEnd val="1">addRank</missionEnd>
  <nextMission>NONE</nextMission>
  <posting title="Decrypt a secure transmission" reqs="decypher">
보안 파일이 CSEC 멤버에게 전송되었지만 해독할 수단이 없대. 작업에 필요한 암호는 있어.
  </posting>
  <email>
    <sender>CSEC Hub Services</sender>
    <subject>밤의 두 배</subject>
    <body>
이봐,

친구가 우리가 하고 있는 작업의 세부정보를 좀 보냈는데 암호화되어 있어서, 내가 열 방법이 없어.
크로스로드에 "C_EXE_contact.dec"라는 이름으로 올려져 있어. 해독해서 드롭 서버에 업로드해줄 수 있어?

암호는 "quinnoq"일 거야.

고마워!

-CSEC Dan
    </body>
    <attachments>
      <link comp="hubCrossroads"/>
      <link comp="hubPubDrop"/>
      <note title="의뢰 세부사항">C_EXE_contact.dec 다운로드

파일 해독

결과 파일을 CSEC 공개 드롭 서버로 업로드</note>
    </attachments>
  </email>
</mission>
