<?xml version = "1.0" encoding = "utf-8" ?>
<mission id="entropyServer01">
  <goals>
    <goal type="FileDeletion" target="#COMP#" file="#FILE#" path="#PATH#"/>
  </goals>
  <nextMission>NONE</nextMission>
  <posting title="Cleanup Operation">
우리 그룹의 중요한 고객이 전 직원의 개인 컴퓨터에 있는 파일 삭제를 요청했다.
파일은 고유하지 않으며, 회사는 단순히 이 개인의 복사본을 제거하고자 한다.
대상이 패시브 추적을 걸 가능성은 낮다.
  </posting>
  <email>
    <sender>#CLIENT#</sender>
    <subject>끝마무리 2 - 편집 요망</subject>
    <body>
안녕, 요원.

우리 회사의 직원이 최근 경쟁사로 이직했다. 그 과정에서 대량의 내부 데이터를 가져갔는데, 그가 이걸 계속 가지고 있으면 우리에게 불리하다.

이 사람의 컴퓨터에 접속해서 이 정보를 삭제해주길 바란다. 백업 없이 단일 아카이브 파일로 저장되어 있을 가능성이 크다.

고맙다.
-#CLIENT#
    </body>
    <attachments>
      <link comp="#COMP#"/>
    </attachments>
  </email>
</mission>
