<?xml version = "1.0" encoding = "utf-8" ?>
<mission id="avconMissionEnd" activeCheck="true">
  <goals>
    <goal type="FileDownload" target="bitMission02" file="Entropy_Induction_Test" path="home"/>
  </goals>
  <missionEnd val="2">changeSong</missionEnd>
  <nextMission>Entropy/EntropyMission1.1.xml</nextMission>
  <email>
    <sender>Matt Trobbiani</sender>
    <subject>모든 시간 소모</subject>
    <body>축하합니다!

Hacknet의 AvCon 데모를 완료하셨습니다!
게임의 알파 버전이 이미 출시되어 Desura나 IndieCity에서 무료로 받을 수 있습니다.
게임은 아직 개발 중이며, 다음 출시 전에 완성도 높은 최고의 게임으로 만들기 위해 작업 중입니다.

게임에 대한 소감과 향후 개발 방향에 대한 제안이 있다면 알려주세요.

플레이해주셔서 감사합니다!

--Matt Trobbiani

추신: 더 플레이하고 싶으시다면, 링크된 서버에 단서가 있을지도...

    </body>
    <attachments>
      <link comp="avconCreditsComp"/>
    </attachments>
  </email>
</mission>
