<?xml version = "1.0" encoding = "utf-8" ?>
<mission id="education02">
  <goals>
  </goals>
  <nextMission>NONE</nextMission>
  <posting title="Traces - Passive">
점점 더 적대적이고 활발해지는 컴퓨터 보안 및 해킹 환경에 대응하여, 최신 디지털 보안 제품군은 일반적으로 서버에 대한 "적대적" 활동의 위치를 추적하는 기능을 포함합니다.

이는 완벽한 기술이 아니기 때문에, 일반적으로 능동형(Active)과 수동형(Passive) 두 가지 추적 형태가 인정되고 있습니다.

본 문서에서는 수동형 추적에 대해 설명합니다.

1: 수동형 추적
-----------------
수동형 추적은 컴퓨터에서 실행되는 프로그램으로, 적대적 행위를 탐지하고 이에 대한 추적 작업을 수행합니다. 추적 방식은 프로그램마다 다르며, 따라서 완료에 소요되는 시간도 상이합니다.
이론적으로 수동형 추적은 차단이 가능합니다. 적대적 서버에서 전송된 핑이 도착하는 정확한 시점에 자체 충돌을 유발하여 응답을 차단하면, 패킷이 도착하지 않은 것으로 판단되기 때문입니다.
그러나 이 방법은 OS 수준의 통합이 필요하며, 현재 널리 사용되는 OS 중 이러한 기능을 제공하는 것은 알려지지 않았습니다. 따라서 수동형 추적은 여전히 공격자를 추적하는 효과적인 방법으로 남아 있습니다.

  </posting>
  <email>
    <sender>ERROR</sender>
    <subject>오류</subject>
    <body>
본 이메일을 받았다는 건 예기치 못한 오류가 발생했음을 의미한다.
제발 당황해라.
    </body>
    <attachments>
    </attachments>
  </email>
</mission>
