<?xml version = "1.0" encoding = "utf-8" ?>
<mission id="education02">
  <goals>
  </goals>
  <nextMission>NONE</nextMission>
  <posting title="Traces - Active">
점점 더 적대적이고 활발해지는 컴퓨터 보안 및 해킹 환경에 대응하여, 최신 디지털 보안 제품군은 일반적으로 서버에 대한 "적대적" 활동의 위치를 추적하는 기능을 포함합니다.

이는 완벽한 기술이 아니기 때문에, 일반적으로 다음 두 가지 추적 형태가 인정되고 있습니다:

본 문서에서는 능동형 추적에 대해 설명합니다.

2: 능동형 추적
----------------
능동형 추적은 개인이 현재 활성 연결이나, 더 일반적으로는 부주의한 해커가 서버에 남긴 로그를 대상으로 수행하는 추적 작업입니다.
능동형 추적은 탐지되지 않으며, 일반적으로 라우팅 경로에 사용된 노드의 보안을 침해하고 연결 경로 로그를 확인하는 방식으로 이루어집니다.
능동형 추적은 연결 링크의 체인을 끊어 추적자가 따라갈 경로를 제거함으로써 차단할 수 있습니다. 따라서 공격자에 대한 능동형 추적을 시도할 경우, 가능한 한 신속하게 수행하는 것이 권장됩니다.

  </posting>
  <email>
    <sender>ERROR</sender>
    <subject>오류</subject>
    <body>
본 이메일을 받았다는 건 예기치 못한 오류가 발생했음을 의미한다.
제발 당황해라.
    </body>
    <attachments>
    </attachments>
  </email>
</mission>
